Area,Amplitude
0.14835979,1.023618
0.148359746,1.02331007
0.148359776,1.02128267
0.182310656,1.05932236
0.182310686,1.11785936
0.182310671,1.11024606
